,Unnamed: 0,Gen_Loss,Dis_Loss
0,0,-0.005611992906779,-0.0026622973382472
1,1,0.0425327904522419,-0.024045055732131
2,2,0.05145800486207,-0.0004583653062582
3,3,-0.089496724307537,0.0059521198272705
4,4,0.0970479995012283,-0.0372365973889827
5,5,0.0353122539818286,-0.0206348374485969
6,6,0.0401855818927288,-0.0282518118619918
7,7,0.0703225657343864,-0.0249113123863935
8,8,-0.0206512119621038,-0.0118746906518936
9,9,-0.0356929451227188,-0.0133787989616394
10,10,-0.0091774407774209,-0.0377264842391014
11,11,0.1232218742370605,-0.0231018438935279
12,12,-0.0412516482174396,0.0169689133763313
13,13,0.0922793895006179,-0.0311859995126724
14,14,0.0315958000719547,-0.0071631669998168
15,15,0.1237025111913681,-0.0339643880724906
16,16,0.0425249896943569,-0.0181722920387983
17,17,0.0691423192620277,-0.0686868652701377
18,18,-0.1939022094011306,-0.0013288855552673
19,19,-0.0520936846733093,0.0251466557383537
20,20,0.0150969810783863,-0.0672778263688087
21,21,0.1251578480005264,-0.0188290029764175
22,22,0.0850908607244491,-0.0135148055851459
23,23,-0.0730156004428863,0.0540436878800392
24,24,0.0627660676836967,-0.0241107139736413
25,25,-0.0659887567162513,-0.0542419999837875
26,26,-0.1474456489086151,-0.0226998180150985
27,27,-0.1084908545017242,-0.0081319659948349
28,28,-0.0115261515602469,-0.0637679696083068
29,29,-0.0296604055911302,-0.0802228227257728
30,30,0.0961158573627471,-0.089562252163887
31,31,-0.1316840201616287,-0.0275225192308425
32,32,0.0111432122066617,-0.0167715102434158
33,33,0.0745409205555915,-0.0690139383077621
34,34,-0.0665470510721206,-0.0503164231777191
35,35,0.089719220995903,-0.0182870775461196
36,36,-0.1990244686603546,-0.0482134819030761
37,37,0.0960518196225166,-0.0225877743214368
38,38,0.0352551713585853,-0.0199645459651947
39,39,-0.0397718250751495,0.0346875041723251
40,40,-0.3560636639595032,-0.0008150339126586
41,41,-0.1896897852420807,-0.0065352469682693
42,42,0.0955467969179153,-0.0575485229492187
43,43,0.036937266588211,-0.0766763910651207
44,44,0.1038707345724105,-0.0334101170301437
45,45,-0.030130460858345,-0.1099535450339317
46,46,0.063830129802227,-0.0791835337877273
47,47,0.1208174973726272,-0.0230818837881088
48,48,0.1352744996547699,-0.0883050113916397
49,49,-0.0855627432465553,-0.0940262973308563
50,50,0.2688604891300201,-0.1651077568531036
51,51,0.01175482198596,-0.1476399898529052
52,52,0.3267585933208465,-0.1254367679357528
53,53,-0.0837205126881599,-0.1324512660503387
54,54,0.1954593062400818,-0.1889664530754089
55,55,0.1289142370223999,-0.0875966623425483
56,56,0.1208423525094986,-0.2354741990566253
57,57,0.2648779451847076,-0.2296390831470489
58,58,0.1069671362638473,-0.2149323672056198
59,59,0.2324544936418533,-0.2638729214668274
60,60,0.0567399635910987,-0.3280791640281677
61,61,0.4305735528469085,-0.3547161221504211
62,62,0.2900066375732422,-0.4025279879570007
63,63,0.3051979541778564,-0.3848605453968048
64,64,0.3860178291797638,-0.4091770648956299
65,65,0.2940051257610321,-0.3992092609405517
66,66,0.3267576098442077,-0.4073662757873535
67,67,0.4526446759700775,-0.5554710626602173
68,68,0.4484190642833709,-0.3321479260921478
69,69,0.3978446722030639,-0.5092931985855103
70,70,0.3889145851135254,-0.3928929567337036
71,71,0.315644234418869,-0.3999135792255401
72,72,0.4686128199100494,-0.5382928252220154
73,73,0.4101679623126983,-0.4183688163757324
74,74,0.4357386827468872,-0.547207772731781
75,75,0.3685860931873321,-0.4384667575359344
76,76,0.4005997776985168,-0.4029875993728637
77,77,0.3877125978469848,-0.4587969183921814
78,78,0.402593731880188,-0.504348874092102
79,79,0.3212882578372955,-0.4102584421634674
80,80,0.2431264966726303,-0.4372553825378418
81,81,0.2943184673786163,-0.5049194693565369
82,82,0.3327614963054657,-0.3958971202373504
83,83,0.1623309999704361,-0.4198845326900482
84,84,0.3433387875556946,-0.4451867341995239
85,85,0.389142632484436,-0.3998855650424957
86,86,0.2537205815315246,-0.3540126085281372
87,87,0.4173640608787536,-0.3891287446022033
88,88,0.1850164234638214,-0.3251173198223114
89,89,0.2581413388252258,-0.4419938325881958
90,90,0.3405834436416626,-0.3634785115718841
91,91,0.3415175378322601,-0.3649001121520996
92,92,0.1926215440034866,-0.4252270758152008
93,93,0.2805981040000915,-0.4589203000068664
94,94,0.398563027381897,-0.3796675205230713
95,95,0.329709380865097,-0.4207010269165039
96,96,0.2948688864707947,-0.3242627382278442
97,97,0.3234337270259857,-0.3135396540164947
98,98,0.2450031340122223,-0.4009855687618255
99,99,0.3058958351612091,-0.3464812040328979
100,100,0.3664143681526184,-0.3870546221733093
101,101,0.342874139547348,-0.3536019325256347
102,102,0.2990221083164215,-0.355268657207489
103,103,0.1115265861153602,-0.4258092939853668
104,104,0.2146660685539245,-0.3061721324920654
105,105,0.2282491773366928,-0.3247573971748352
106,106,0.28505939245224,-0.2767979204654693
107,107,0.2861612141132355,-0.3458309769630432
108,108,0.3585996329784393,-0.3782033026218414
109,109,0.3379237353801727,-0.3493270576000213
110,110,0.2504051327705383,-0.381333589553833
111,111,0.26211017370224,-0.3793787956237793
112,112,0.3089326024055481,-0.3267457187175751
113,113,0.3171923756599426,-0.3640182614326477
114,114,0.2493402063846588,-0.3497418165206909
115,115,0.144085556268692,-0.3651857376098633
116,116,0.2185172587633133,-0.3467111885547638
117,117,0.3709369003772735,-0.3441864550113678
118,118,0.3040559291839599,-0.3892396092414856
119,119,0.3012741506099701,-0.3698779940605163
120,120,0.2169935405254364,-0.3150312900543213
121,121,0.1222548335790634,-0.2683283984661102
122,122,0.3115687072277069,-0.3064762055873871
123,123,0.3345808684825897,-0.3250090777873993
124,124,0.1061807572841644,-0.3258093297481537
125,125,0.3167495131492615,-0.4093239903450012
126,126,0.2811171412467956,-0.291200190782547
127,127,0.2130810767412185,-0.3164623379707336
128,128,0.1557430475950241,-0.4053899943828583
129,129,0.3655577898025512,-0.2548190653324127
130,130,0.288906842470169,-0.3790042996406555
131,131,0.2283152043819427,-0.3031594753265381
132,132,0.2768472135066986,-0.4159182906150818
133,133,0.3237214386463165,-0.3960236310958862
134,134,0.3046802282333374,-0.3067699074745178
135,135,0.1500061005353927,-0.3210321068763733
136,136,0.1462419480085373,-0.2817663252353668
137,137,0.2019897550344467,-0.2418135404586792
138,138,0.2226061075925827,-0.2735167145729065
139,139,0.3745894134044647,-0.3227970004081726
140,140,0.3463967740535736,-0.3839547634124756
141,141,0.1762511581182479,-0.268670916557312
142,142,0.1476122140884399,-0.3236858546733856
143,143,0.1754509210586547,-0.2840517163276672
144,144,0.0497234873473644,-0.3090380430221557
145,145,0.113777257502079,-0.2342171370983123
146,146,0.1421337127685547,-0.3296588659286499
147,147,0.0006094052223488,-0.2839527130126953
148,148,0.1562317907810211,-0.2949579060077667
149,149,0.2927205562591553,-0.2593784928321838
150,150,0.3173785805702209,-0.2725012302398681
151,151,0.1608820855617523,-0.3884342908859253
152,152,0.2681770622730255,-0.2726494669914245
153,153,0.2315468043088913,-0.2890413701534271
154,154,0.1715474426746368,-0.3214141726493835
155,155,0.2502223551273346,-0.3337168395519256
156,156,0.2854368090629577,-0.3097161054611206
157,157,0.2562669813632965,-0.2140124440193176
158,158,0.2122614532709121,-0.2949845492839813
159,159,0.3519564568996429,-0.2672231495380401
160,160,0.1602956652641296,-0.2903323769569397
161,161,0.3080806136131286,-0.2268767058849334
162,162,0.1681839823722839,-0.3781882524490356
163,163,0.0875924006104469,-0.3092872500419616
164,164,0.1729033142328262,-0.2507615089416504
165,165,0.3090860247611999,-0.3257209658622741
166,166,0.3238435685634613,-0.3124857544898987
167,167,0.3767884373664856,-0.3126183748245239
168,168,0.2576632499694824,-0.2547828555107116
169,169,0.1539374887943267,-0.3064227700233459
170,170,0.2595041394233703,-0.2966656684875488
171,171,0.2113644033670425,-0.2499617636203766
172,172,0.3848516941070556,-0.2837724685668945
173,173,0.2941718995571136,-0.2453797757625579
174,174,0.2574707567691803,-0.2884985208511352
175,175,0.2691098153591156,-0.306343138217926
176,176,0.2089908570051193,-0.2830993831157684
177,177,0.2274918407201767,-0.3344583809375763
178,178,0.2182972282171249,-0.3118727505207062
179,179,0.3189747035503387,-0.2820816040039062
180,180,0.2201841026544571,-0.237732857465744
181,181,0.1884796172380447,-0.3352865874767303
182,182,-0.0555861853063106,-0.3365626335144043
183,183,0.2356409430503845,-0.3454944491386413
184,184,0.2847954630851745,-0.2342139035463333
185,185,0.2596631050109863,-0.2324818074703216
186,186,0.264678955078125,-0.2472437024116516
187,187,0.2884722054004669,-0.2754294872283935
188,188,0.183327168226242,-0.2235536277294159
189,189,0.2925910949707031,-0.3040705919265747
190,190,0.1638669371604919,-0.2868121862411499
191,191,0.1092153489589691,-0.2634997069835663
192,192,0.2308636605739593,-0.2279630452394485
193,193,0.1019841805100441,-0.2280258238315582
194,194,0.1933857500553131,-0.2868426442146301
195,195,0.0751941949129104,-0.2414745539426803
196,196,0.1948956698179245,-0.3159250915050506
197,197,0.239568218588829,-0.2363718450069427
198,198,0.2125680595636367,-0.3226991891860962
199,199,0.3840176463127136,-0.2593700885772705
200,200,0.2521401047706604,-0.2302868366241455
201,201,0.2499290406703949,-0.2836325466632843
202,202,0.2734342217445373,-0.250914067029953
203,203,0.1367703229188919,-0.2703000605106354
204,204,0.2171083688735962,-0.2702647447586059
205,205,0.366890013217926,-0.2863418459892273
206,206,0.0949973315000534,-0.2195597887039184
207,207,0.133367583155632,-0.2603102028369903
208,208,0.072697103023529,-0.337527185678482
209,209,0.1996207386255264,-0.340673565864563
210,210,0.105583518743515,-0.2132607698440551
211,211,0.3764659762382507,-0.2743403315544128
212,212,0.3470870554447174,-0.2989602088928222
213,213,0.3048492670059204,-0.280934602022171
214,214,0.2703443169593811,-0.2301059812307357
215,215,0.2352827787399292,-0.2896876633167267
216,216,0.1799383759498596,-0.2331452965736389
217,217,0.2538182437419891,-0.2567680478096008
218,218,0.247175931930542,-0.2001284509897232
219,219,0.1710133105516433,-0.1848293989896774
220,220,0.3397440016269684,-0.2617462277412414
221,221,0.1340283304452896,-0.2322666049003601
222,222,0.2439373433589935,-0.2147909551858902
223,223,0.0902099013328552,-0.2193756997585296
224,224,0.154003232717514,-0.2106855511665344
225,225,0.3025083243846893,-0.2137687653303146
226,226,0.0410882197320461,-0.2548697590827942
227,227,0.2446224689483642,-0.2078654617071151
228,228,0.2364085018634796,-0.2681246995925903
229,229,0.0428727902472019,-0.2693735957145691
230,230,0.279253602027893,-0.252377837896347
231,231,0.2246401458978653,-0.1809165179729461
232,232,0.0972621664404869,-0.1812417209148407
233,233,0.1198124513030052,-0.2343939691781997
234,234,0.2092843204736709,-0.2692545056343078
235,235,0.2228593528270721,-0.2114515453577041
236,236,0.1328870058059692,-0.1752294898033142
237,237,0.2217020988464355,-0.2025817185640335
238,238,0.0829882249236106,-0.16966113448143
239,239,0.1734122782945633,-0.2023441791534423
240,240,0.235901802778244,-0.1465524286031723
241,241,0.1318757981061935,-0.2873095571994781
242,242,0.0964544340968132,-0.2060845792293548
243,243,0.3104254007339477,-0.2537998557090759
244,244,0.1155283972620964,-0.2260763794183731
245,245,0.1707121878862381,-0.2339506447315216
246,246,0.0713459476828575,-0.2192656099796295
247,247,0.2191890925168991,-0.196914792060852
248,248,0.1887528598308563,-0.2197424620389938
249,249,0.1971859484910965,-0.2533630728721618
250,250,0.1996345520019531,-0.2121694982051849
251,251,0.0646906644105911,-0.1736486554145813
252,252,0.2056302279233932,-0.2779111266136169
253,253,0.2458126693964004,-0.1959781497716903
254,254,0.1287447661161422,-0.1370199173688888
255,255,0.1792178750038147,-0.2642951905727386
256,256,0.1013782545924186,-0.2032963782548904
257,257,0.0999250560998916,-0.2084311991930008
258,258,0.3080950379371643,-0.2260622680187225
259,259,0.1259332150220871,-0.1487824916839599
260,260,0.1078929677605629,-0.2492128014564514
261,261,0.1595613956451416,-0.3015427589416504
262,262,0.2797174453735351,-0.2613374590873718
263,263,0.2305824756622314,-0.217798575758934
264,264,0.2007104307413101,-0.2177086770534515
265,265,0.1818304508924484,-0.16966512799263
266,266,0.1920115798711776,-0.244522750377655
267,267,0.2105028182268142,-0.1185239106416702
268,268,0.1098064929246902,-0.2534007132053375
269,269,0.2841183543205261,-0.2700690031051636
270,270,0.0078808153048157,-0.1838733851909637
271,271,0.1360447406768798,-0.254425585269928
272,272,0.1987862735986709,-0.1786503195762634
273,273,0.1573133915662765,-0.1682620644569397
274,274,0.1139655336737632,-0.2492239326238632
275,275,0.1560007780790329,-0.1765818446874618
276,276,0.2098911851644516,-0.2039335966110229
277,277,0.1057347059249877,-0.2422003149986267
278,278,0.234775573015213,-0.2040669471025467
279,279,0.2683231830596924,-0.2495428323745727
280,280,0.172289103269577,-0.242015540599823
281,281,0.1690363883972168,-0.2299032062292099
282,282,0.1725348383188247,-0.1691934466361999
283,283,0.259221464395523,-0.1637395173311233
284,284,0.1559629291296005,-0.2200434207916259
285,285,0.2033076733350753,-0.23775115609169
286,286,0.0558337941765785,-0.2173746675252914
287,287,0.3597822487354278,-0.192890003323555
288,288,0.1785897612571716,-0.1874926835298538
289,289,0.1168592348694801,-0.2330136746168136
290,290,0.191767081618309,-0.1644909977912902
291,291,0.0821403190493583,-0.2046612948179245
292,292,0.2722551822662353,-0.1729471236467361
293,293,0.1962867379188537,-0.177253171801567
294,294,0.1109338998794555,-0.2409683912992477
295,295,0.1964287012815475,-0.2381759881973266
296,296,0.0878870040178299,-0.2335908859968185
297,297,-0.0250389110296964,-0.1827880144119262
298,298,0.1391737163066864,-0.2258727252483368
299,299,0.267663836479187,-0.2381037324666977
300,300,0.2130141705274582,-0.2226127386093139
301,301,0.0635389685630798,-0.3195420801639557
302,302,0.2097591906785965,-0.2009682357311248
303,303,0.2777861356735229,-0.2356557101011276
304,304,0.1966290026903152,-0.1551133394241333
305,305,0.181034654378891,-0.2079741060733795
306,306,0.268974244594574,-0.2096114009618759
307,307,0.240282192826271,-0.1465887427330017
308,308,0.2352287024259567,-0.1336221992969513
309,309,0.1692319959402084,-0.1644930243492126
310,310,0.0385663285851478,-0.2177662104368209
311,311,0.1144166588783264,-0.2586193978786468
312,312,0.2013377845287323,-0.1604638695716858
313,313,0.1344614028930664,-0.2058775275945663
314,314,0.0185785721987485,-0.2308678328990936
315,315,0.2048141956329345,-0.2127119898796081
316,316,0.2067586034536361,-0.2494970709085464
317,317,0.2238991409540176,-0.1490555703639984
318,318,0.1631824076175689,-0.2612648606300354
319,319,0.2402045577764511,-0.2199219465255737
320,320,0.2432346045970916,-0.1735658496618271
321,321,-0.0746588408946991,-0.1901834160089492
322,322,0.2802712917327881,-0.2069562077522277
323,323,0.2380712330341339,-0.2070242911577224
324,324,0.2322433590888977,-0.2289679497480392
325,325,0.2123812586069107,-0.2037357985973358
326,326,0.2740479707717895,-0.2166578322649002
327,327,0.2427380234003067,-0.2021067589521408
328,328,-0.0013210612814873,-0.091709092259407
329,329,0.2504919171333313,-0.1730354726314544
330,330,0.1245790421962738,-0.1909255534410476
331,331,0.1389311254024505,-0.1649621427059173
332,332,0.2912690639495849,-0.1893661171197891
333,333,0.2276409119367599,-0.1604720801115036
334,334,0.2218933701515197,-0.1569909304380417
335,335,0.1909386068582534,-0.248074471950531
336,336,0.278624027967453,-0.1070721969008445
337,337,0.3359525501728058,-0.1704893410205841
338,338,0.2387903034687042,-0.1749971210956573
339,339,0.0169455464929342,-0.2168000340461731
340,340,0.0159317255020141,-0.229938268661499
341,341,0.2176998555660247,-0.1840816885232925
342,342,0.2107127606868744,-0.1883186995983123
343,343,0.2444586157798767,-0.180263802409172
344,344,0.2124074548482895,-0.1794935315847396
345,345,0.105173148214817,-0.2197423279285431
346,346,0.2067909985780716,-0.1710144281387329
347,347,0.24153833091259,-0.1423203200101852
348,348,0.155610591173172,-0.2116302251815796
349,349,0.2403505593538284,-0.208287626504898
350,350,0.2138839364051818,-0.2218035161495208
351,351,0.3107207119464874,-0.2249052375555038
352,352,0.2817957997322082,-0.2454340159893036
353,353,0.1641125977039337,-0.3181852102279663
354,354,0.1828087419271469,-0.215165764093399
355,355,0.2147162854671478,-0.2078490257263183
356,356,0.3121882677078247,-0.2531304061412811
357,357,0.1134102940559387,-0.1955842077732086
358,358,0.2072469443082809,-0.2561277747154236
359,359,0.1720733344554901,-0.2062660753726959
360,360,0.2299122363328933,-0.2684170603752136
361,361,0.1522240489721298,-0.2471346259117126
362,362,0.2209054976701736,-0.2164818048477172
363,363,0.299371600151062,-0.253639668226242
364,364,0.1627490222454071,-0.1749670803546905
365,365,0.0654880255460739,-0.2445001006126403
366,366,0.2714784741401672,-0.1693225353956222
367,367,0.056507010012865,-0.1535272598266601
368,368,0.1930179297924041,-0.2014992386102676
369,369,0.1210769116878509,-0.175780177116394
370,370,0.1688143908977508,-0.1882629841566085
371,371,0.1794524937868118,-0.1481945514678955
372,372,0.2527790665626526,-0.197835236787796
373,373,0.2426181584596634,-0.2766119539737701
374,374,0.2235457897186279,-0.2153785526752472
375,375,0.2823987305164337,-0.2020838260650634
376,376,0.1888506561517715,-0.2242827117443084
377,377,0.1694854944944381,-0.2086937129497528
378,378,0.2818331122398376,-0.1732860207557678
379,379,0.1266431808471679,-0.203505128622055
380,380,0.1778350323438644,-0.2500917017459869
381,381,0.1679801642894745,-0.1698215454816818
382,382,0.2035528272390365,-0.1898078620433807
383,383,0.2118427753448486,-0.1759496331214904
384,384,0.2509268522262573,-0.1743781864643097
385,385,0.269798219203949,-0.1992235034704208
386,386,0.2229764014482498,-0.1841617226600647
387,387,0.1006202697753906,-0.1927442252635955
388,388,0.1198605746030807,-0.1596711724996566
389,389,0.1703655868768692,-0.2428024858236313
390,390,0.2608555555343628,-0.1568684428930282
391,391,0.1514393538236618,-0.218843400478363
392,392,0.0537381879985332,-0.169038325548172
393,393,0.1276105940341949,-0.1498796492815017
394,394,0.2379041761159896,-0.2134800553321838
395,395,0.2645779848098755,-0.1603046655654907
396,396,0.1979900747537613,-0.1954677104949951
397,397,0.1783715039491653,-0.2250910401344299
398,398,0.1053722575306892,-0.227723553776741
399,399,0.2122357487678527,-0.1659653186798095
400,400,0.3005434572696686,-0.193373441696167
401,401,0.0511176101863384,-0.2053437381982803
402,402,0.1588838100433349,-0.1754906773567199
403,403,0.1756522506475448,-0.1925670951604843
404,404,0.0824436172842979,-0.1137273758649826
405,405,0.0729868561029434,-0.2006644457578659
406,406,0.3518279492855072,-0.1736921817064285
407,407,0.2408190369606018,-0.2041859328746795
408,408,0.2347306609153747,-0.1879898160696029
409,409,0.333964467048645,-0.1850920915603637
410,410,0.1018741801381111,-0.1914258450269699
411,411,0.2157342582941055,-0.168592095375061
412,412,0.094742976129055,-0.2010605931282043
413,413,0.3231856226921081,-0.1951214671134948
414,414,0.2310665845870971,-0.1753787547349929
415,415,0.3369690179824829,-0.2039249390363693
416,416,0.2484234273433685,-0.1555671989917755
417,417,0.279836893081665,-0.260273277759552
418,418,0.2423921823501587,-0.2304420471191406
419,419,0.2135946601629257,-0.1806073784828186
420,420,0.2110570520162582,-0.1794956773519516
421,421,-0.0097107477486133,-0.2047936618328094
422,422,0.0241464432328939,-0.1461878567934036
423,423,0.0685343742370605,-0.228722333908081
424,424,0.1517488956451416,-0.1980671882629394
425,425,0.2938319146633148,-0.2172876745462417
426,426,0.0810208022594451,-0.1347930133342743
427,427,0.2447570413351059,-0.1276979595422744
428,428,0.1764377206563949,-0.2198267430067062
429,429,0.1839694678783416,-0.158939316868782
430,430,0.1558934152126312,-0.2081853002309799
431,431,0.137572631239891,-0.0647195801138877
432,432,-0.0783391296863555,-0.0979521349072456
433,433,0.1353846490383148,-0.2221830189228058
434,434,0.2986474633216858,-0.2212969362735748
435,435,0.2368523478507995,-0.1545039862394333
436,436,0.1804306954145431,-0.1656217575073242
437,437,0.148943156003952,-0.1817097961902618
438,438,0.1165645867586135,-0.2178934067487716
439,439,0.0485040955245494,-0.197631299495697
440,440,0.1528505533933639,-0.1936752051115036
441,441,0.2935958206653595,-0.1774576306343078
442,442,0.1163048297166824,-0.2065586745738983
443,443,0.126800075173378,-0.1847258508205413
444,444,0.2514870166778564,-0.2189261317253112
445,445,0.1011154875159263,-0.21542589366436
446,446,0.1231858134269714,-0.2224612236022949
447,447,0.1652036756277084,-0.2870772182941437
448,448,0.2228317558765411,-0.2158801555633545
449,449,0.1324446201324463,-0.1929087340831756
450,450,0.2144927531480789,-0.1509449779987335
451,451,0.1316210180521011,-0.2154357433319091
452,452,0.2315396517515182,-0.1890700459480285
453,453,0.0916266068816185,-0.2142186462879181
454,454,0.1577663570642471,-0.1808524429798126
455,455,0.2310256063938141,-0.179094061255455
456,456,0.0481057353317737,-0.2016343176364898
457,457,0.1850785613059997,-0.1591467857360839
458,458,0.0452537611126899,-0.1142126992344856
459,459,0.2268316000699997,-0.1693623960018158
460,460,0.1176505461335182,-0.2069372534751892
461,461,0.1291549801826477,-0.1882704645395279
462,462,0.2322999984025955,-0.2085044682025909
463,463,0.1756878495216369,-0.1785227954387664
464,464,0.1562752574682235,-0.2072578370571136
465,465,0.1259003281593322,-0.1641497611999511
466,466,0.3267805576324463,-0.1689690053462982
467,467,0.1367530971765518,-0.1656823456287384
468,468,0.317844808101654,-0.2014333754777908
469,469,0.1043397933244705,-0.110826551914215
470,470,0.1481940895318985,-0.2085076719522476
471,471,0.0488052144646644,-0.1798913329839706
472,472,0.093463085591793,-0.2110794186592102
473,473,0.1428787857294082,-0.1882771402597427
474,474,0.2283665090799331,-0.2371163070201873
475,475,0.0589703954756259,-0.2297711968421936
476,476,0.0876706093549728,-0.2204528748989105
477,477,0.1397043913602829,-0.153275728225708
478,478,0.0326351299881935,-0.1931762546300888
479,479,0.1525171399116516,-0.2329619526863098
480,480,0.055785559117794,-0.1735392063856125
481,481,0.2563722133636474,-0.1753700375556945
482,482,0.182812362909317,-0.1671137064695358
483,483,0.141657754778862,-0.1730664223432541
484,484,0.1342103630304336,-0.141930267214775
485,485,0.0799888148903846,-0.1296118348836898
486,486,0.1576175987720489,-0.1736177206039428
487,487,0.2430334836244583,-0.1444532722234726
488,488,0.1342412531375885,-0.1740507334470749
489,489,0.1310695707798004,-0.1777298152446746
490,490,0.1706450879573822,-0.1706925332546234
491,491,0.1610147655010223,-0.14985091984272
492,492,0.1784286648035049,-0.2501941919326782
493,493,0.2483972758054733,-0.1948083341121673
494,494,0.2256893813610077,-0.2117466330528259
495,495,0.0785897001624107,-0.1537263095378875
496,496,-0.0195512380450963,-0.2252116203308105
497,497,0.1533919423818588,-0.1608639359474182
498,498,0.1150477081537246,-0.2241720259189605
499,499,0.1656880229711532,-0.1929638683795929
500,0,0.1885782927274704,-0.242112785577774
501,1,0.0276296399533748,-0.221914142370224
502,2,0.1662885993719101,-0.1752425581216812
503,3,0.2254841327667236,-0.1610714197158813
504,4,0.1335633099079132,-0.1927430778741836
505,5,0.1841762065887451,-0.1931689977645874
506,6,0.2073262184858322,-0.1910787522792816
507,7,0.0128253139555454,-0.1385662257671356
508,8,0.2146499752998352,-0.2140486687421798
509,9,0.2544648349285126,-0.2079986929893493
510,10,0.1065256968140602,-0.270532488822937
511,11,0.1745449304580688,-0.2498080879449844
512,12,0.0841509103775024,-0.1864112615585327
513,13,0.2133261263370514,-0.1424691677093505
514,14,0.2314816862344741,-0.1885987967252731
515,15,0.2002845406532287,-0.2347282171249389
516,16,0.2320298552513122,-0.2139290869235992
517,17,0.0332894325256347,-0.1821237504482269
518,18,0.1780718564987182,-0.176606148481369
519,19,0.2173769325017929,-0.1334715336561203
520,20,0.1578023731708526,-0.2099098563194275
521,21,0.221775084733963,-0.2109506130218505
522,22,0.1645562797784805,-0.2137357741594314
523,23,0.0212883967906236,-0.1128397285938263
524,24,0.1405328512191772,-0.2232962846755981
525,25,0.2398680448532104,-0.2223481088876724
526,26,0.1885231137275695,-0.2034593671560287
527,27,0.1526848226785659,-0.1949788033962249
528,28,0.2549368441104889,-0.1804358810186386
529,29,0.2505277693271637,-0.1307475715875625
530,30,0.1550149321556091,-0.2279441803693771
531,31,0.0852136015892028,-0.1957370936870575
532,32,0.0771416500210762,-0.2256985306739807
533,33,-0.0417131371796131,-0.1240447163581848
534,34,0.1209218278527259,-0.2329016029834747
535,35,0.2468346208333969,-0.2075715363025665
536,36,0.1963144838809967,-0.2176139056682586
537,37,0.2336284518241882,-0.2023527324199676
538,38,0.2082103043794632,-0.2624021768569946
539,39,-0.0499475412070751,-0.2067391872406005
540,40,0.166519358754158,-0.2277779281139373
541,41,0.1524639427661895,-0.1630132496356964
542,42,-0.0031189713627099,-0.1725911051034927
543,43,0.2432220578193664,-0.2115387022495269
544,44,0.0973688289523124,-0.152498722076416
545,45,0.2599358260631561,-0.2109496295452118
546,46,0.2538489103317261,-0.252259224653244
547,47,0.1873050928115844,-0.1927536278963089
548,48,0.0283520705997943,-0.1023207753896713
549,49,-0.0507673285901546,-0.1792716383934021
550,50,0.1660787016153335,-0.1951017081737518
551,51,0.1786177009344101,-0.2292395383119583
552,52,0.0945082977414131,-0.2368596494197845
553,53,0.1845684200525283,-0.2244688421487808
554,54,0.11536855250597,-0.2044504284858703
555,55,-0.003530305577442,-0.2445629239082336
556,56,0.1888244152069091,-0.2018515765666961
557,57,0.1190158873796463,-0.1660558581352234
558,58,0.2257853150367736,-0.119987167418003
559,59,0.3195595443248749,-0.2278794646263122
560,60,0.0898928344249725,-0.19116872549057
561,61,0.1771121472120285,-0.1812479794025421
562,62,0.248205080628395,-0.1112130433320999
563,63,0.0644698292016983,-0.2163780480623245
564,64,0.2320227473974228,-0.2270415425300598
565,65,0.1781630665063858,-0.1800509691238403
566,66,0.1137418001890182,-0.2767674326896667
567,67,0.1507590115070343,-0.1880111694335937
568,68,0.2034773975610733,-0.14616060256958
569,69,0.061355423182249,-0.1367773860692978
570,70,0.2914104461669922,-0.2702041566371918
571,71,0.2166971415281295,-0.2322170287370681
572,72,0.2955136597156524,-0.1827711313962936
573,73,0.0830770060420036,-0.216522991657257
574,74,0.1085072979331016,-0.222382977604866
575,75,0.1431351900100708,-0.2189486622810363
576,76,0.1482651680707931,-0.1779572665691375
577,77,0.2645314037799835,-0.1950708478689193
578,78,0.1066365540027618,-0.2325187176465988
579,79,0.0897550582885742,-0.2179557979106903
580,80,0.0424190238118171,-0.2411609590053558
581,81,-0.0020081028342247,-0.1680489033460617
582,82,0.0661986544728279,-0.1877377480268478
583,83,0.1517143547534942,-0.1639972627162933
584,84,0.0213902406394481,-0.1877670884132385
585,85,0.0867917314171791,-0.1849397718906402
586,86,0.1096503809094429,-0.1590041667222976
587,87,0.2353098839521408,-0.1779020726680755
588,88,0.0984769016504287,-0.2288073599338531
589,89,0.0873534083366394,-0.2293575257062912
590,90,0.0936021357774734,-0.2162654995918274
591,91,0.1549122780561447,-0.1611436307430267
592,92,0.127672016620636,-0.1753991246223449
593,93,0.3185360431671142,-0.1972080767154693
594,94,0.2796337306499481,-0.1473250538110733
595,95,0.0461120456457138,-0.2062195241451263
596,96,0.1117394864559173,-0.1773996353149414
597,97,0.187314286828041,-0.1716096252202987
598,98,0.2129973918199539,-0.1029067784547805
599,99,0.2620535790920257,-0.2750762104988098
600,100,0.1473489701747894,-0.2096929550170898
601,101,0.1420583426952362,-0.1844654679298401
602,102,0.2872176468372345,-0.2227502167224884
603,103,0.2172709256410598,-0.0981607064604759
604,104,0.1918223947286605,-0.1865108907222747
605,105,0.1587342619895935,-0.18475142121315
606,106,-0.0007471276330761,-0.1814208477735519
607,107,0.1299499571323394,-0.1698043793439865
608,108,0.0369020663201808,-0.2281885296106338
609,109,0.206433430314064,-0.256328672170639
610,110,0.1771978735923767,-0.2669458389282226
611,111,0.1283362060785293,-0.1507354527711868
612,112,0.1143634393811225,-0.16720050573349
613,113,0.1584619283676147,-0.2102896273136139
614,114,0.1353555619716644,-0.1305265128612518
615,115,0.1747186779975891,-0.2161036431789398
616,116,0.2593404948711395,-0.172156810760498
617,117,0.1835813969373703,-0.1928663104772567
618,118,0.2164245098829269,-0.1776379197835922
619,119,0.0509428530931472,-0.1852218806743621
620,120,0.218444362282753,-0.2310789823532104
621,121,0.1563253253698349,-0.114564448595047
622,122,0.2177620679140091,-0.1405830085277557
623,123,0.1182904168963432,-0.1610489189624786
624,124,0.1352645754814148,-0.1400787979364395
625,125,0.141933798789978,-0.1057262420654296
626,126,0.1926198750734329,-0.2681083679199219
627,127,-0.0555194467306137,-0.1997060328722
628,128,0.2847322523593902,-0.2397337555885315
629,129,0.1560287624597549,-0.1728990823030471
630,130,0.1436515599489212,-0.2120148539543151
631,131,0.1520541608333587,-0.1434371173381805
632,132,0.069571204483509,-0.1893659383058548
633,133,0.2081010937690735,-0.2237498164176941
634,134,0.1195196360349655,-0.2154832631349563
635,135,0.1535999476909637,-0.1806356757879257
636,136,0.1479782164096832,-0.2164597511291504
637,137,0.133815586566925,-0.1932199597358703
638,138,0.1017989367246627,-0.1466545909643173
639,139,0.2439691126346588,-0.1660671085119247
640,140,0.0763362050056457,-0.217928260564804
641,141,0.129151165485382,-0.2384107410907745
642,142,0.0025831644888967,-0.176267385482788
643,143,0.0420201420783996,-0.1856376677751541
644,144,0.1099977642297744,-0.2407178878784179
645,145,0.027748666703701,-0.1166789233684539
646,146,0.2315849214792251,-0.2030702531337738
647,147,0.244083747267723,-0.1911140382289886
648,148,0.2049716562032699,-0.21111361682415
649,149,0.2671186029911041,-0.2390195429325103
650,150,0.1071881204843521,-0.1757693141698837
651,151,0.2322964519262313,-0.2397226989269256
652,152,0.2663587927818298,-0.2043653428554535
653,153,0.0564662143588066,-0.2481140047311782
654,154,0.1667657345533371,-0.1758930534124374
655,155,0.1942596733570099,-0.1669918298721313
656,156,0.1036055237054824,-0.1334980577230453
657,157,0.1491293311119079,-0.1831289529800415
658,158,-0.0691799521446228,-0.2107722461223602
659,159,0.1350197046995163,-0.2928515970706939
660,160,0.282862514257431,-0.214081272482872
661,161,0.1687187105417251,-0.2031880170106887
662,162,0.0483091287314891,-0.2424534261226654
663,163,0.2379065752029419,-0.1916146427392959
664,164,0.2309336513280868,-0.1546192467212677
665,165,0.170673131942749,-0.1627456694841385
666,166,0.0353197306394577,-0.2208315879106521
667,167,0.3504983782768249,-0.2238681316375732
668,168,0.1429657489061355,-0.1123072803020477
669,169,0.2580384910106659,-0.1764144897460937
670,170,0.1439620703458786,-0.211705207824707
671,171,0.1710167229175567,-0.1821222752332687
672,172,0.0718723386526107,-0.169718399643898
673,173,0.098644733428955,-0.1458733528852462
674,174,0.0146793192252516,-0.1102329716086387
675,175,0.0098692122846841,-0.1754426658153534
676,176,0.1622941642999649,-0.2194603532552719
677,177,0.2411488741636276,-0.1999038308858871
678,178,0.2572896480560303,-0.1615587472915649
679,179,0.1664390861988067,-0.184327945113182
680,180,0.1240774318575859,-0.178244262933731
681,181,0.1215560361742973,-0.1230695024132728
682,182,0.2200649678707122,-0.1495267748832702
683,183,0.2660645842552185,-0.2192908674478531
684,184,0.1854871064424514,-0.1683486700057983
685,185,0.0934505015611648,-0.1485586464405059
686,186,0.1824177503585815,-0.1635507345199585
687,187,0.1500674188137054,-0.174281433224678
688,188,0.1392121315002441,-0.1608437746763229
689,189,0.1054068580269813,-0.1499880999326706
690,190,0.0751754194498062,-0.1842947155237198
691,191,0.2405751496553421,-0.3133444190025329
692,192,0.1463132798671722,-0.1525956839323043
693,193,0.3286084830760956,-0.1779466569423675
694,194,0.1497593075037002,-0.0886651128530502
695,195,0.0541699342429637,-0.1549554765224456
696,196,0.1430783718824386,-0.1976968050003051
697,197,0.2032682448625564,-0.1584409475326538
698,198,0.273707628250122,-0.1597461700439453
699,199,0.097230926156044,-0.2141754627227783
700,200,0.3097940385341644,-0.2140887677669525
701,201,-0.0182282160967588,-0.2428261190652847
702,202,-0.0421063862740993,-0.265978991985321
703,203,0.180563747882843,-0.2446722686290741
704,204,0.2120610028505325,-0.1798874884843826
705,205,0.0554221719503402,-0.166273295879364
706,206,0.3115285634994507,-0.2082433104515075
707,207,0.3138864040374756,-0.2103843539953231
708,208,0.2242022901773452,-0.2080239504575729
709,209,0.0267514213919639,-0.1878891587257385
710,210,0.1895477622747421,-0.1367818266153335
711,211,0.2033321112394333,-0.1623706966638565
712,212,0.0829222127795219,-0.245225116610527
713,213,0.1524676382541656,-0.1768656969070434
714,214,0.0036415942013263,-0.1826880127191543
715,215,0.0782953724265098,-0.1985731720924377
716,216,0.0524103455245494,-0.1530207395553589
717,217,0.1016811653971672,-0.2228071689605713
718,218,0.270445853471756,-0.1843707859516143
719,219,0.1286181211471557,-0.2049890011548996
720,220,0.2319942265748977,-0.1973864734172821
721,221,-0.0321394093334674,-0.264361709356308
722,222,0.2903587818145752,-0.2240574955940246
723,223,0.0975515767931938,-0.2190944701433181
724,224,0.0051688477396965,-0.1980177462100982
725,225,0.1400212347507476,-0.2577530741691589
726,226,0.0705972909927368,-0.1873287260532379
727,227,0.0530915148556232,-0.1100653782486915
728,228,0.1506216377019882,-0.2093735039234161
729,229,0.254916101694107,-0.2157683968544006
730,230,0.1624621152877807,-0.1921014636754989
731,231,0.1928071826696396,-0.1759727895259857
732,232,0.1372369527816772,-0.1430452167987823
733,233,0.1846534013748169,-0.1460398286581039
734,234,0.1163165271282196,-0.1983627676963806
735,235,0.0261947363615036,-0.1357004195451736
736,236,0.0753564834594726,-0.1118201464414596
737,237,0.2583827376365661,-0.152145430445671
738,238,0.1334831118583679,-0.213824838399887
739,239,0.2206708639860153,-0.2028739899396896
740,240,0.0079573290422558,-0.1594228744506836
741,241,0.2663403153419494,-0.1897571682929992
742,242,0.1134670227766037,-0.2240650802850723
743,243,0.2014473527669906,-0.19411501288414
744,244,0.2030446529388427,-0.1753991246223449
745,245,0.0511226244270801,-0.2385859787464141
746,246,0.1541409343481063,-0.1863051801919937
747,247,0.0631633400917053,-0.2013441920280456
748,248,0.0689452365040779,-0.1653115600347519
749,249,0.1060291305184364,-0.1448025554418563
750,250,0.165383443236351,-0.2092754542827606
751,251,0.0466749668121337,-0.1964353322982788
752,252,0.2358533293008804,-0.2236871719360351
753,253,0.1218390092253685,-0.1912887841463089
754,254,0.1145758330821991,-0.1528730392456054
755,255,0.0675548911094665,-0.1868146806955337
756,256,0.1593156307935714,-0.1567829549312591
757,257,0.1239318773150444,-0.1319472640752792
758,258,0.1597698777914047,-0.1973089277744293
759,259,0.2492322921752929,-0.1803889125585556
760,260,-0.0566104240715503,-0.1379676759243011
761,261,0.2032406777143478,-0.1503753215074539
762,262,0.192342534661293,-0.2700584232807159
763,263,0.0928103029727935,-0.1990740448236465
764,264,0.2181962579488754,-0.148597776889801
765,265,0.2518706917762756,-0.1954376697540283
766,266,0.1644528359174728,-0.1456964612007141
767,267,0.2159523218870163,-0.1805430650711059
768,268,0.0733885094523429,-0.1983701884746551
769,269,0.1677878946065902,-0.189760223031044
770,270,-0.1033434867858886,-0.2721059322357178
771,271,0.082843542098999,-0.2223505079746246
772,272,0.0478405989706516,-0.2271922975778579
773,273,0.2706732749938965,-0.2272089570760727
774,274,0.2286345362663269,-0.2210567593574524
775,275,-0.0273939184844493,-0.2004849016666412
776,276,-0.0299387797713279,-0.2418163418769836
777,277,0.2073121964931488,-0.1750799268484115
778,278,-0.0652852356433868,-0.167629674077034
779,279,0.1230702921748161,-0.2210202515125274
780,280,0.183534562587738,-0.1928929388523101
781,281,0.1213550940155983,-0.2056295126676559
782,282,-0.0288660582154989,-0.2429889887571334
783,283,0.1491336673498153,-0.2465583384037017
784,284,0.2157177776098251,-0.1623483151197433
785,285,0.0872835740447044,-0.2569444477558136
786,286,0.0463398993015289,-0.2306439727544784
787,287,-0.0016161614330485,-0.2093493193387985
788,288,-0.1112236082553863,-0.209071546792984
789,289,0.1470406949520111,-0.2649449408054352
790,290,0.1061483547091484,-0.2531396150588989
791,291,0.2721309065818786,-0.2343112826347351
792,292,0.0801836848258972,-0.2788451015949249
793,293,0.05033540725708,-0.2228725105524063
794,294,0.1869695335626602,-0.2705962657928467
795,295,0.2317225188016891,-0.1698287427425384
796,296,0.2383924573659896,-0.2281241416931152
797,297,0.1771793067455291,-0.2458445727825164
798,298,0.285027265548706,-0.227066084742546
799,299,0.0942839086055755,-0.2494839876890182
800,300,0.1303787529468536,-0.2061657011508941
801,301,-0.0011174543760716,-0.2054667174816131
802,302,0.2455854564905166,-0.2516787052154541
803,303,-0.0122500928118824,-0.2024957239627838
804,304,0.0400246791541576,-0.2425162494182586
805,305,0.2035278230905532,-0.1647809743881225
806,306,0.1821513324975967,-0.1515845656394958
807,307,0.1310668587684631,-0.1863003075122833
808,308,0.1877147555351257,-0.1730872690677642
809,309,0.2288496643304824,-0.1810796558856964
810,310,0.2339352816343307,-0.2376129925251007
811,311,0.2276149988174438,-0.2246722877025604
812,312,0.1706127673387527,-0.2586665153503418
813,313,0.2818895578384399,-0.1729976832866668
814,314,0.2485299557447433,-0.2533398270606994
815,315,-0.0636343285441398,-0.1583027392625808
816,316,0.0618709698319435,-0.2126894891262054
817,317,0.2942989766597748,-0.2473834902048111
818,318,0.2021493762731552,-0.1641920208930969
819,319,0.123057410120964,-0.2617220878601074
820,320,0.0961591750383377,-0.1983454972505569
821,321,0.1170063689351081,-0.2730687856674194
822,322,0.1637940853834152,-0.1682675182819366
823,323,0.1712636202573776,-0.2261945158243179
824,324,0.1205542236566543,-0.1816356182098388
825,325,0.1996519416570663,-0.256712943315506
826,326,0.2385572344064712,-0.2049753963947296
827,327,0.003292188514024,-0.1442305743694305
828,328,0.0699041560292244,-0.2169325053691864
829,329,0.2248573303222656,-0.2321230769157409
830,330,0.0919590964913368,-0.1959728747606277
831,331,0.0916694700717926,-0.2221327573060989
832,332,0.1215689033269882,-0.1319568157196045
833,333,0.2703830301761627,-0.2393596321344375
834,334,0.0619449988007545,-0.2053994536399841
835,335,0.2343212664127349,-0.1391499936580658
836,336,0.0077409925870597,-0.1922979205846786
837,337,0.0810180455446243,-0.1479765772819519
838,338,0.227324366569519,-0.1897681653499603
839,339,0.0729980021715164,-0.2164447605609893
840,340,0.0524858199059963,-0.1516377031803131
841,341,0.1631678342819214,-0.1485998928546905
842,342,0.2638400793075561,-0.2286869138479232
843,343,0.1098863407969474,-0.1959040164947509
844,344,0.167990431189537,-0.1655362695455551
845,345,0.0538732074201107,-0.1924697905778885
846,346,0.2170085906982422,-0.2115542143583297
847,347,0.1081136092543602,-0.2528927624225616
848,348,0.1382357031106948,-0.2444994747638702
849,349,0.2817137837409973,-0.160036414861679
850,350,0.092271402478218,-0.2318828403949737
851,351,0.1809399873018264,-0.2151466906070709
852,352,0.0477922745048999,-0.1801296472549438
853,353,0.1802205294370651,-0.1818415373563766
854,354,0.1857527047395706,-0.1848798096179962
855,355,0.1407611668109893,-0.2608070969581604
856,356,0.2256912440061569,-0.2225151360034942
857,357,0.1893014907836914,-0.1925309151411056
858,358,0.2819629907608032,-0.1650292724370956
859,359,0.2736026644706726,-0.1455976814031601
860,360,-0.0122745661064982,-0.1825505942106247
861,361,0.0238801054656505,-0.1930021941661834
862,362,0.1508799791336059,-0.1790167242288589
863,363,0.235873207449913,-0.2327897995710373
864,364,0.3012359738349914,-0.2090843468904495
865,365,0.0863529667258262,-0.1819608658552169
866,366,0.1645914018154144,-0.197749063372612
867,367,0.0383236110210418,-0.2308329343795776
868,368,0.1535032987594604,-0.2150916457176208
869,369,0.265149176120758,-0.2340548187494278
870,370,0.00650405138731,-0.2483556717634201
871,371,0.1075937673449516,-0.181730180978775
872,372,0.1425366103649139,-0.166584312915802
873,373,0.2226373255252838,-0.2104968428611755
874,374,0.2133022099733352,-0.2068522274494171
875,375,0.2179658114910125,-0.2231749296188354
876,376,0.0354064851999282,-0.168501004576683
877,377,0.2481613010168075,-0.1688434779644012
878,378,0.1723568439483642,-0.1974504888057708
879,379,0.0659766867756843,-0.1607297658920288
880,380,0.1750365197658538,-0.167977899312973
881,381,0.1351242959499359,-0.2067557424306869
882,382,0.1350655406713485,-0.1443352997303009
883,383,-0.0035193432122468,-0.1512376815080642
884,384,0.2423951774835586,-0.2168442159891128
885,385,0.1879900097846985,-0.2055487036705017
886,386,0.0008788317209109,-0.2165289372205734
887,387,-0.0728088170289993,-0.2168186455965042
888,388,0.0187943279743194,-0.2339745163917541
889,389,0.1350225210189819,-0.2156657576560974
890,390,-0.0096218446269631,-0.1883312463760376
891,391,0.0942619815468788,-0.1497243046760559
892,392,0.1677300631999969,-0.1802360117435455
893,393,0.1861067861318588,-0.1043674126267433
894,394,0.1370988637208938,-0.2295171022415161
895,395,0.2093552201986313,-0.2465065121650695
896,396,0.2770281136035919,-0.1793374568223953
897,397,0.0822905078530311,-0.1900084614753723
898,398,0.0523803457617759,-0.2228644490242004
899,399,0.2401209622621536,-0.1739831119775772
900,400,0.1722549349069595,-0.1043390855193138
901,401,0.1076604276895523,-0.1756187826395034
902,402,-0.0200121365487575,-0.2768507301807403
903,403,0.1798803657293319,-0.1596393585205078
904,404,0.1146327331662178,-0.1789115518331527
905,405,0.1317232847213745,-0.2106969803571701
906,406,-0.0506569817662239,-0.1682299077510833
907,407,0.0410534664988517,-0.1838328242301941
908,408,0.0515875443816185,-0.1630809307098388
909,409,0.1036527827382087,-0.1593307256698608
910,410,0.0833955556154251,-0.1976406276226043
911,411,0.1755160987377166,-0.1454567313194275
912,412,0.0686585679650306,-0.1757987439632415
913,413,0.1627659499645233,-0.2655297517776489
914,414,0.3463536500930786,-0.1546854525804519
915,415,0.2133856564760208,-0.2232176959514618
916,416,0.2139254659414291,-0.1393539160490036
917,417,0.0102931950241327,-0.2212123870849609
918,418,0.2013489603996276,-0.0985224321484565
919,419,0.0459949150681495,-0.2226388603448867
920,420,0.032976146787405,-0.1705136001110077
921,421,0.066700167953968,-0.2903242707252502
922,422,0.0531227104365825,-0.1571585237979889
923,423,0.2909122705459595,-0.1671320497989654
924,424,-0.1321859657764434,-0.2290776818990707
925,425,0.2256579846143722,-0.1539596617221832
926,426,0.1362533271312713,-0.2265687584877014
927,427,0.1797443181276321,-0.2093994319438934
928,428,0.1070750877261161,-0.1554755866527557
929,429,0.231462150812149,-0.1503551602363586
930,430,0.0444870516657829,-0.1465790569782257
931,431,0.2446298003196716,-0.1931767761707306
932,432,0.1826348751783371,-0.1694592982530594
933,433,-0.0304614696651697,-0.1961590498685836
934,434,-0.0451203100383281,-0.1937106251716613
935,435,0.1256044656038284,-0.1508075594902038
936,436,0.2435979843139648,-0.1725363284349441
937,437,0.2348051816225052,-0.1244061067700386
938,438,0.2746415138244629,-0.2161442041397094
939,439,0.2104133069515228,-0.1680749207735061
940,440,0.1643871814012527,-0.1821529567241668
941,441,0.2093047499656677,-0.1920658349990844
942,442,0.1190409064292907,-0.249148815870285
943,443,-0.0655651912093162,-0.182042196393013
944,444,0.2366331815719604,-0.1311712265014648
945,445,0.0892251059412956,-0.2390097081661224
946,446,0.0799177587032318,-0.1289622038602829
947,447,0.0892080888152122,-0.1992732882499694
948,448,0.0980936512351036,-0.1317950189113617
949,449,0.0461761504411697,-0.168345108628273
950,450,0.1975910067558288,-0.1886297464370727
951,451,0.1771205216646194,-0.1621017158031463
952,452,0.0268200840801,-0.1542636305093765
953,453,0.0848880633711814,-0.1978705376386642
954,454,0.1574739813804626,-0.1858728975057602
955,455,0.1176450252532959,-0.116705797612667
956,456,0.0728083401918411,-0.1732288897037506
957,457,0.2298780530691146,-0.167069599032402
958,458,0.2523736357688904,-0.1511248350143432
959,459,-0.0289931241422891,-0.2257282733917236
960,460,0.1687282770872116,-0.2258321940898895
961,461,-0.0051766741089522,-0.1353626698255539
962,462,0.1315380781888961,-0.2173382639884948
963,463,0.0717623233795166,-0.2111181020736694
964,464,0.1653685420751571,-0.1764932721853256
965,465,0.1307963281869888,-0.1838404983282089
966,466,0.1623887717723846,-0.1930804103612899
967,467,0.2172784209251403,-0.1988862156867981
968,468,0.075345478951931,-0.120783232152462
969,469,0.1939248442649841,-0.2193189263343811
970,470,0.241140529513359,-0.2411974668502807
971,471,0.2285501807928085,-0.151728481054306
972,472,0.0555243268609046,-0.1931417435407638
973,473,-0.0153273055329918,-0.2101618647575378
974,474,0.0300204865634441,-0.1995192766189575
975,475,0.0855588391423225,-0.1494298577308654
976,476,0.179392471909523,-0.2061094492673874
977,477,0.3431567847728729,-0.1902588456869125
978,478,0.1010635420680046,-0.1700748056173324
979,479,0.2674238085746765,-0.1822565793991089
980,480,0.121960625052452,-0.145474687218666
981,481,0.3196431994438171,-0.2279136031866073
982,482,0.2264065593481063,-0.1992267966270446
983,483,0.0367202386260032,-0.185834988951683
984,484,0.0931533500552177,-0.2209262251853943
985,485,0.0963820964097976,-0.1725105792284011
986,486,0.0764485448598861,-0.1510211527347564
987,487,0.1251023113727569,-0.1596075296401977
988,488,0.0524467453360557,-0.1879511177539825
989,489,0.1536749750375747,-0.1897316575050354
990,490,0.1736816465854644,-0.1900539994239807
991,491,0.053526934236288,-0.2161327302455902
992,492,0.1797731220722198,-0.1992808580398559
993,493,0.1555987298488617,-0.1805363297462463
994,494,-0.0477584041655063,-0.2318779975175857
995,495,0.0670752376317977,-0.2345304936170578
996,496,0.2044205367565155,-0.1673414856195449
997,497,0.2020274996757507,-0.1561404317617416
998,498,0.2380013912916183,-0.2671283483505249
999,499,0.0879896283149719,-0.1008567363023758
1000,0,0.2419600784778595,-0.1823932826519012
1001,1,0.1566032320261001,-0.2120469212532043
1002,2,0.1463177502155304,-0.1724279075860977
1003,3,0.1888519525527954,-0.1924110651016235
1004,4,0.2054390013217926,-0.1728948205709457
1005,5,0.2027063965797424,-0.1692321300506591
1006,6,0.0123505592346191,-0.1430276036262512
1007,7,0.1339044272899627,-0.1362354904413223
1008,8,0.2577406466007232,-0.1705755591392517
1009,9,0.1958355009555816,-0.1995059847831726
1010,10,0.2120769321918487,-0.2199858427047729
1011,11,0.0722644105553627,-0.1748789250850677
1012,12,-0.012619943358004,-0.1976264864206314
1013,13,0.0797993913292884,-0.1593763381242752
1014,14,-0.0070053017698228,-0.1889660954475402
1015,15,-0.0175790563225746,-0.2193100750446319
1016,16,0.1899559646844864,-0.1647147536277771
1017,17,0.0540631860494613,-0.1696596592664718
1018,18,-0.0025712803471833,-0.2567014694213867
1019,19,0.0157125312834978,-0.2577356994152069
1020,20,0.2053785324096679,-0.1884528994560241
1021,21,0.1516144573688507,-0.2420082688331604
1022,22,0.1690830737352371,-0.1399219185113906
1023,23,0.3077055811882019,-0.1850125193595886
1024,24,0.2633513808250427,-0.1687370538711547
1025,25,0.3049721717834472,-0.1312284171581268
1026,26,0.0813460350036621,-0.1521665155887603
1027,27,0.0753746032714843,-0.1947249174118042
1028,28,0.1737160384654998,-0.2086771428585052
1029,29,0.1175623014569282,-0.1141812354326248
1030,30,0.0048028286546468,-0.2617590725421905
1031,31,0.1084566563367843,-0.229396641254425
1032,32,0.2015416175127029,-0.1922086477279663
1033,33,0.2582020461559295,-0.1704080402851104
1034,34,0.3457218706607818,-0.1568208932876587
1035,35,0.1091202497482299,-0.1741569638252258
1036,36,0.2189325839281082,-0.2451405376195907
1037,37,0.2084474414587021,-0.1352147907018661
1038,38,0.0728661343455314,-0.1558941602706909
1039,39,0.1318809390068054,-0.2081301510334015
1040,40,0.153275579214096,-0.1451385021209716
1041,41,0.0678554400801658,-0.1740071177482605
1042,42,0.2112607061862945,-0.1520982831716537
1043,43,0.1223780140280723,-0.2587810456752777
1044,44,0.0702862441539764,-0.2064553499221801
1045,45,-0.0250241234898567,-0.2228497564792633
1046,46,0.1343409121036529,-0.2165853977203369
1047,47,0.1412668228149414,-0.1669982671737671
1048,48,0.2607758939266205,-0.2161088287830352
1049,49,0.1904153823852539,-0.141337588429451
1050,50,-0.0684340670704841,-0.1868744194507599
1051,51,0.1654224544763565,-0.1862708628177642
1052,52,0.1681190878152847,-0.1401238739490509
1053,53,0.1134581789374351,-0.1960798799991607
1054,54,0.2860603332519531,-0.1912927478551864
1055,55,0.1835146397352218,-0.2237870693206787
1056,56,-0.0587617307901382,-0.2091772258281707
1057,57,0.1815297901630401,-0.1900759190320968
1058,58,0.2448319047689438,-0.2279641181230545
1059,59,0.2608085572719574,-0.1419609487056732
1060,60,0.1876461505889892,-0.2114532142877578
1061,61,0.0609056986868381,-0.1761654913425445
1062,62,0.1473411619663238,-0.1727022379636764
1063,63,-0.0341444835066795,-0.1995777189731598
1064,64,0.1762710213661193,-0.2388795465230941
1065,65,0.3518635034561157,-0.1683568507432937
1066,66,0.1872171610593795,-0.2364015579223632
1067,67,0.0793376415967941,-0.1650081723928451
1068,68,0.0342428982257843,-0.2150624394416809
1069,69,0.0135875036939978,-0.2467637062072754
1070,70,0.1435895711183548,-0.1914337277412414
1071,71,0.0361957214772701,-0.1611460745334625
1072,72,0.0142011512070894,-0.2345307618379593
1073,73,0.0445534102618694,-0.1700068712234497
1074,74,0.1232588812708854,-0.1943811178207397
1075,75,0.219767540693283,-0.1881145536899566
1076,76,0.1919567435979843,-0.2721888124942779
1077,77,0.311286062002182,-0.1959610283374786
1078,78,0.0862324461340904,-0.1862504035234451
1079,79,0.2276200354099273,-0.2650875449180603
1080,80,0.3010177612304687,-0.2328382134437561
1081,81,0.1613583415746688,-0.1812788844108581
1082,82,0.2524838745594024,-0.1646493226289749
1083,83,-0.025464229285717,-0.1745515465736389
1084,84,0.1680476665496826,-0.1807311624288559
1085,85,0.1217659711837768,-0.141571506857872
1086,86,0.1303133368492126,-0.2214010506868362
1087,87,0.0121535947546362,-0.1771757006645202
1088,88,0.0511373244225978,-0.2263916432857513
1089,89,0.2884313464164734,-0.2448537945747375
1090,90,0.2545816898345947,-0.1929270029067993
1091,91,0.0136143723502755,-0.1702434420585632
1092,92,0.138886883854866,-0.1788736134767532
1093,93,0.0886928513646125,-0.1746250241994857
1094,94,0.225729301571846,-0.2108308672904968
1095,95,-0.033558152616024,-0.1906799674034118
1096,96,0.1761209815740585,-0.2084944397211074
1097,97,0.0797989293932914,-0.1734529882669448
1098,98,0.2053237557411193,-0.231360375881195
1099,99,0.1363619863986969,-0.1500972509384155
1100,100,0.2276814132928848,-0.1512578874826431
1101,101,0.1397179514169693,-0.1918571293354034
1102,102,0.2812949120998382,-0.2177271395921707
1103,103,0.1966886222362518,-0.1777533739805221
1104,104,0.1528245210647583,-0.1621217429637909
1105,105,0.2055596709251403,-0.2137242555618286
1106,106,0.0253248643130064,-0.2322392165660858
1107,107,0.1743502765893936,-0.1839923560619354
1108,108,0.2698209881782532,-0.2306254506111145
1109,109,0.1999036222696304,-0.2485640943050384
1110,110,0.201628491282463,-0.2243956327438354
1111,111,0.0525304339826107,-0.1719278246164322
1112,112,0.0410855263471603,-0.1147389039397239
1113,113,0.1114566400647163,-0.1824195384979248
1114,114,0.2201368063688278,-0.1917177438735962
1115,115,0.2561445534229278,-0.1769025921821594
1116,116,-0.0103261778131127,-0.166044682264328
1117,117,-0.0328402183949947,-0.1569401621818542
1118,118,0.1253764629364013,-0.1598589420318603
1119,119,0.1948355585336685,-0.1540109366178512
1120,120,0.1163454502820968,-0.177763432264328
1121,121,0.0836986824870109,-0.1983130574226379
1122,122,0.2733880877494812,-0.1467929631471634
1123,123,0.0855001434683799,-0.2213475108146667
1124,124,0.012598093599081,-0.27363321185112
1125,125,0.2039006948471069,-0.1669628769159317
1126,126,0.1562788933515548,-0.0860434919595718
1127,127,0.1146672964096069,-0.2405568361282348
1128,128,0.2380793392658233,-0.1810337156057357
1129,129,0.2147363424301147,-0.1977183818817138
1130,130,0.1463155746459961,-0.2135494500398636
1131,131,0.0229012127965688,-0.1680440306663513
1132,132,0.1267023682594299,-0.1779314875602722
1133,133,-0.060415755957365,-0.1649518460035324
1134,134,0.0331182926893234,-0.1505148410797119
1135,135,0.1036023944616317,-0.1822315007448196
1136,136,0.0184863116592168,-0.1311566531658172
1137,137,-0.0101360045373439,-0.2623516619205475
1138,138,0.2612150013446808,-0.1601038426160812
1139,139,0.1109775453805923,-0.2258894443511963
1140,140,0.2365405261516571,-0.2229134887456894
1141,141,0.1544458866119384,-0.1171397492289543
1142,142,0.1247782558202743,-0.1898781657218933
1143,143,0.163251906633377,-0.219819039106369
1144,144,0.076352946460247,-0.1209000498056411
1145,145,0.1425102353096008,-0.2657723128795624
1146,146,0.2075008451938629,-0.1785194277763366
1147,147,0.2004638165235519,-0.1392743587493896
1148,148,0.1708356291055679,-0.2099027782678604
1149,149,0.1920729875564575,-0.1926050186157226
1150,150,0.228465586900711,-0.2030145227909088
1151,151,0.2078402489423751,-0.1240011304616928
1152,152,0.1481755226850509,-0.1500968635082245
1153,153,0.2031647861003875,-0.1979395449161529
1154,154,-0.0052722482942044,-0.208994448184967
1155,155,0.1247631311416626,-0.1741141676902771
1156,156,0.1438782215118408,-0.1551261842250824
1157,157,0.0506873503327369,-0.1290031373500824
1158,158,0.0808173269033432,-0.2052271366119384
1159,159,-0.1042975187301635,-0.2260850965976715
1160,160,0.1439323723316192,-0.2011011838912964
1161,161,0.0460915155708789,-0.0982276946306228
1162,162,0.1696296781301498,-0.1839457154273986
1163,163,0.2423608005046844,-0.1406511068344116
1164,164,0.1563836187124252,-0.1940986812114715
1165,165,0.3629166781902313,-0.2353973537683487
1166,166,0.2267024517059326,-0.1396579146385193
1167,167,0.1723383218050003,-0.1301459372043609
1168,168,0.0905036106705665,-0.1404920220375061
1169,169,0.1868990063667297,-0.1611123979091644
1170,170,0.317027598619461,-0.2190895825624466
1171,171,0.1906748265028,-0.1888016760349273
1172,172,0.2006803601980209,-0.2193626463413238
1173,173,0.1778633147478103,-0.1847665011882782
1174,174,0.1667578369379043,-0.1261272728443145
1175,175,0.2036569118499755,-0.1871632188558578
1176,176,0.1427877694368362,-0.2371466159820556
1177,177,0.1347160339355468,-0.1618035584688186
1178,178,0.0391558744013309,-0.1402664929628372
1179,179,0.0500730462372303,-0.1454441845417022
1180,180,0.1487046182155609,-0.1846340000629425
1181,181,0.1741716414690017,-0.2520823776721954
1182,182,0.2871484160423279,-0.1805817186832428
1183,183,0.1540808826684951,-0.1565640419721603
1184,184,0.0615572482347488,-0.1714686304330825
1185,185,0.1978569328784942,-0.1391068547964096
1186,186,0.1271832436323166,-0.145231083035469
1187,187,0.0868707001209259,-0.1885406374931335
1188,188,0.2329293638467788,-0.189980998635292
1189,189,0.0902519226074218,-0.1862394213676452
1190,190,-0.0381880477070808,-0.172025054693222
1191,191,0.1431391239166259,-0.1909823268651962
1192,192,0.0764217749238014,-0.2643016874790191
1193,193,0.185403361916542,-0.1689765900373459
1194,194,0.2562673687934875,-0.1584150493144989
1195,195,0.0998741090297699,-0.1122009977698326
1196,196,0.1332513391971588,-0.1874203234910965
1197,197,0.1480516791343689,-0.2040780484676361
1198,198,0.1287139356136322,-0.1339266002178192
1199,199,0.2541508078575134,-0.1800042539834976
1200,200,0.1390323340892791,-0.1323188543319702
1201,201,0.2171822339296341,-0.1938619911670684
1202,202,0.11098513007164,-0.1907747834920883
1203,203,0.0495087876915931,-0.2031326591968536
1204,204,0.1731420904397964,-0.1651316583156585
1205,205,0.1832147985696792,-0.1319353878498077
1206,206,0.0226431749761104,-0.1179595738649368
1207,207,0.0900854915380477,-0.1838578730821609
1208,208,0.099697858095169,-0.1244012117385864
1209,209,0.0221892576664686,-0.1466789245605468
1210,210,-0.0466733984649181,-0.1614064425230026
1211,211,0.0706207677721977,-0.1777952462434768
1212,212,0.1733228713274002,-0.1714530736207962
1213,213,0.1611735820770263,-0.1956624239683151
1214,214,0.147075742483139,-0.1864877790212631
1215,215,0.2556409537792206,-0.1954944431781768
1216,216,0.0613499768078327,-0.1760769784450531
1217,217,0.1347982287406921,-0.1795829385519027
1218,218,0.0106759769842028,-0.1758871525526046
1219,219,0.0930488035082817,-0.2378905862569809
1220,220,0.115907534956932,-0.1291046291589737
1221,221,0.2354394942522049,-0.1346558183431625
1222,222,0.1052796468138694,-0.1944519579410553
1223,223,0.1658538430929184,-0.1208333671092987
1224,224,0.2020137310028076,-0.2261760383844375
1225,225,0.0585147589445114,-0.1388280093669891
1226,226,0.1390428990125656,-0.2384855449199676
1227,227,0.110251784324646,-0.141578659415245
1228,228,0.1019174009561538,-0.1879360675811767
1229,229,-0.0335491485893726,-0.1449867933988571
1230,230,0.0344682112336158,-0.1398481726646423
1231,231,0.0082272151485085,-0.2201714217662811
1232,232,0.1075299680233001,-0.1315938979387283
1233,233,0.0944614112377166,-0.1906317770481109
1234,234,0.1219694763422012,-0.1851689219474792
1235,235,0.0566309541463851,-0.1032668799161911
1236,236,0.0599007494747638,-0.1717136204242706
1237,237,0.2332909703254699,-0.12362802028656
1238,238,0.182271659374237,-0.1976161450147628
1239,239,0.0818078741431236,-0.1525804251432418
1240,240,0.1652046889066696,-0.1772282123565673
1241,241,0.1814370304346084,-0.1846889406442642
1242,242,0.1574664711952209,-0.174140527844429
1243,243,0.2320717424154281,-0.1857556104660034
1244,244,0.1221599727869033,-0.2012673318386078
1245,245,0.1837115734815597,-0.1647126823663711
1246,246,0.1213156059384346,-0.1786424964666366
1247,247,0.202442318201065,-0.191381961107254
1248,248,0.1486919224262237,-0.1550305336713791
1249,249,0.1436071991920471,-0.1837660670280456
1250,250,0.0522782914340496,-0.1211126893758773
1251,251,0.131170392036438,-0.1492627114057541
1252,252,0.1773157119750976,-0.0987509191036224
1253,253,0.1595353782176971,-0.220521479845047
1254,254,0.3359912037849426,-0.2288278192281723
1255,255,0.0535757020115852,-0.1291944980621338
1256,256,0.1828395426273346,-0.1846313029527664
1257,257,-0.0235488265752792,-0.1507236808538437
1258,258,0.1403477042913437,-0.1539724171161651
1259,259,0.1713425517082214,-0.1664835214614868
1260,260,-0.0198975652456283,-0.188625231385231
1261,261,0.1750504970550537,-0.1492019593715667
1262,262,0.0412957370281219,-0.21735779941082
1263,263,0.1831870526075363,-0.1003948375582695
1264,264,0.1404553204774856,-0.1403152495622635
1265,265,0.0476973205804824,-0.199298545718193
1266,266,0.0917412042617797,-0.1655108034610748
1267,267,0.2400528490543365,-0.2112066000699997
1268,268,0.1753887981176376,-0.2038900852203369
1269,269,0.178949624300003,-0.2079555243253708
1270,270,0.1404489874839782,-0.1309930235147476
1271,271,0.1504755765199661,-0.2206768840551376
1272,272,0.1402547359466552,-0.1578598916530609
1273,273,0.1291607618331909,-0.1902626156806945
1274,274,0.1403778493404388,-0.1456755250692367
1275,275,0.2609411180019378,-0.1648928523063659
1276,276,0.2604259848594665,-0.2324556708335876
1277,277,0.1994239538908004,-0.2238954305648803
1278,278,0.1590947210788726,-0.1675652861595153
1279,279,0.166260078549385,-0.1783668994903564
1280,280,-0.1375406682491302,-0.100974403321743
1281,281,0.0105547802522778,-0.164987176656723
1282,282,0.261748343706131,-0.1777078360319137
1283,283,0.2203822880983352,-0.1870608925819397
1284,284,0.2634053528308868,-0.1452336609363556
1285,285,0.1316816657781601,-0.2072211802005767
1286,286,0.2253838330507278,-0.2038917392492294
1287,287,0.0948599353432655,-0.1907321363687515
1288,288,0.2092348039150238,-0.1956624984741211
1289,289,0.0396723933517932,-0.1727976948022842
1290,290,0.1488834470510482,-0.1919130086898803
1291,291,0.1106948927044868,-0.1319177448749542
1292,292,0.1745982319116592,-0.1773428618907928
1293,293,0.0722208991646766,-0.1319265067577362
1294,294,0.2551340758800506,-0.1267969161272049
1295,295,0.0560025796294212,-0.2107112109661102
1296,296,0.0119933476671576,-0.1675983369350433
1297,297,0.0665348470211029,-0.1690576672554016
1298,298,0.0006784028373658,-0.1390997022390365
1299,299,0.1461932212114334,-0.1299639344215393
1300,300,0.0632315129041671,-0.096971109509468
1301,301,-0.000638106430415,-0.1268824338912964
1302,302,0.1071876287460327,-0.1144947484135627
1303,303,0.0967426747083664,-0.1593249142169952
1304,304,-0.0249669048935174,-0.2340262830257415
1305,305,0.0459836386144161,-0.1959360539913177
1306,306,0.1533049792051315,-0.1612569987773895
1307,307,0.0774142742156982,-0.1461949199438095
1308,308,0.0498544871807098,-0.1619845032691955
1309,309,0.1370354741811752,-0.1384287625551223
1310,310,0.1614988595247268,-0.1131521761417388
1311,311,0.1048939451575279,-0.1182572692632675
1312,312,0.1616078019142151,-0.1598104238510131
1313,313,-0.2899552881717682,-0.2237948477268219
1314,314,0.165092185139656,-0.2002311944961547
1315,315,-0.0521965809166431,-0.1501046121120453
1316,316,0.1468432396650314,-0.1942701935768127
1317,317,0.0411662980914115,-0.203155905008316
1318,318,0.1609974354505539,-0.22653628885746
1319,319,0.0869346857070922,-0.225830540060997
1320,320,0.1000576615333557,-0.1942334920167923
1321,321,0.0961738228797912,-0.1697659939527511
1322,322,0.0995871946215629,-0.1335179209709167
1323,323,0.188373789191246,-0.1072238534688949
1324,324,0.1445505917072296,-0.1791893541812896
1325,325,0.3341885507106781,-0.1224022656679153
1326,326,0.2698197364807129,-0.2448720782995224
1327,327,0.1737882494926452,-0.1039515137672424
1328,328,0.0131233399733901,-0.1681591868400573
1329,329,0.1654465198516845,-0.1877088546752929
1330,330,0.078820139169693,-0.2081245481967926
1331,331,0.3582016825675964,-0.1725731343030929
1332,332,0.0118547892197966,-0.1878854632377624
1333,333,0.1806859672069549,-0.130614086985588
1334,334,0.1200435534119606,-0.1611122041940689
1335,335,0.1635048538446426,-0.1280098557472229
1336,336,0.3616124987602234,-0.1796214282512664
1337,337,0.0380946584045887,-0.1573702692985534
1338,338,-0.0048798690550029,-0.1139493361115455
1339,339,0.0954314693808555,-0.1992375552654266
1340,340,0.1059693247079849,-0.2412669062614441
1341,341,0.0201999023556709,-0.1485355049371719
1342,342,0.1600576043128967,-0.177418828010559
1343,343,0.0236596930772066,-0.1635223031044006
1344,344,0.3107820451259613,-0.1837236881256103
1345,345,0.0592215955257415,-0.1971032321453094
1346,346,0.2789768576622009,-0.1715428829193115
1347,347,0.1587074100971222,-0.2240096628665924
1348,348,0.2709468305110931,-0.2066517174243927
1349,349,0.1173615083098411,-0.1963472515344619
1350,350,-0.0134446760639548,-0.2051294595003128
1351,351,0.1186576560139656,-0.1803255677223205
1352,352,0.1763744503259658,-0.2045749425888061
1353,353,0.0344032384455204,-0.1974100172519683
1354,354,0.124935507774353,-0.2189175933599472
1355,355,0.1862030029296875,-0.1959963142871856
1356,356,0.2832369208335876,-0.1519489735364914
1357,357,0.0477085188031196,-0.1324407756328582
1358,358,0.1374991834163665,-0.1520650535821914
1359,359,0.0933420285582542,-0.1783359050750732
1360,360,0.0934456437826156,-0.1469448506832122
1361,361,0.1796271502971649,-0.2061285376548767
1362,362,0.1349975019693374,-0.1599860191345214
1363,363,0.0885946676135063,-0.1622834801673889
1364,364,0.1404617726802826,-0.2041303366422653
1365,365,0.2438185960054397,-0.2262532263994217
1366,366,0.0285617727786302,-0.1797734349966049
1367,367,0.2346803694963455,-0.1849558353424072
1368,368,0.1223354190587997,-0.1384214460849762
1369,369,0.1206111907958984,-0.1624546647071838
1370,370,0.2175207436084747,-0.149505078792572
1371,371,0.1757746636867523,-0.1845038533210754
1372,372,0.1714362651109695,-0.1796775609254837
1373,373,0.102492518723011,-0.1275749206542968
1374,374,0.1416170746088028,-0.1595305949449539
1375,375,0.2349319607019424,-0.1879856884479522
1376,376,0.1011463105678558,-0.2435227185487747
1377,377,0.1035548895597457,-0.1693115532398224
1378,378,0.2383809387683868,-0.151951253414154
1379,379,0.1329635232686996,-0.147701010107994
1380,380,0.1018058806657791,-0.1023198589682579
1381,381,0.2056287974119186,-0.1983630359172821
1382,382,0.1833221167325973,-0.1946591138839721
1383,383,0.1045642495155334,-0.1420964151620865
1384,384,0.2319022268056869,-0.2440466284751892
1385,385,0.0079467752948403,-0.1357573568820953
1386,386,-0.0074820183217525,-0.1949772834777832
1387,387,0.3411587476730346,-0.1783980280160904
1388,388,0.1974472254514694,-0.1451959013938903
1389,389,0.1207671761512756,-0.1799766719341278
1390,390,0.1501142382621765,-0.1879425644874572
1391,391,0.1413130611181259,-0.1285503655672073
1392,392,0.1081400364637374,-0.131100594997406
1393,393,0.0558805651962757,-0.2072482258081436
1394,394,0.2042325139045715,-0.1623627245426178
1395,395,0.1899029016494751,-0.1975622177124023
1396,396,0.0441503375768661,-0.163185253739357
1397,397,0.2553514540195465,-0.2376731634140014
1398,398,0.2453833818435669,-0.1973992586135864
1399,399,0.1933023035526275,-0.1873499155044555
1400,400,0.1525092124938964,-0.2542102336883545
1401,401,-0.0541996210813522,-0.1582376956939697
1402,402,0.0952598825097084,-0.1627590656280517
1403,403,0.0660164505243301,-0.1893831342458725
1404,404,0.1010129377245903,-0.1168082579970359
1405,405,0.1826197057962417,-0.218445137143135
1406,406,0.062658816576004,-0.1557981520891189
1407,407,-0.0049909688532352,-0.1478980332612991
1408,408,0.2153399139642715,-0.1886922568082809
1409,409,0.1031385138630867,-0.2103869020938873
1410,410,0.0823335573077201,-0.1540355831384658
1411,411,0.180079311132431,-0.2006517350673675
1412,412,0.1860850751399994,-0.1747366189956665
1413,413,0.2199689447879791,-0.167814165353775
1414,414,0.1399318724870681,-0.2018264532089233
1415,415,0.0240311790257692,-0.170564129948616
1416,416,0.2245229333639145,-0.1929863393306732
1417,417,0.2505914270877838,-0.1192643791437149
1418,418,0.1382554173469543,-0.1902089118957519
1419,419,0.1083254814147949,-0.1362476348876953
1420,420,0.1545484960079193,-0.2345528751611709
1421,421,0.1051096841692924,-0.177932858467102
1422,422,0.1328387260437011,-0.2091119438409805
1423,423,0.0218916833400726,-0.21851447224617
1424,424,0.1793612837791443,-0.1733146160840988
1425,425,-0.0116683943197131,-0.185381144285202
1426,426,0.2055249661207199,-0.1894055157899856
1427,427,0.0569626614451408,-0.2247565388679504
1428,428,0.1637525260448455,-0.1956432312726974
1429,429,0.1956086605787277,-0.1585376262664795
1430,430,0.2327568382024765,-0.2158975601196289
1431,431,0.2120762467384338,-0.1915743052959442
1432,432,0.2122577726840973,-0.0990342199802398
1433,433,0.0135692115873098,-0.1012704521417617
1434,434,0.0507785975933074,-0.1740989089012146
1435,435,0.120780125260353,-0.1566038727760315
1436,436,0.1627737134695053,-0.1907383799552917
1437,437,-0.0583318434655666,-0.1277390718460083
1438,438,0.2358074933290481,-0.220157966017723
1439,439,0.1453368216753006,-0.1402113139629364
1440,440,0.1704798191785812,-0.2452437877655029
1441,441,0.0436748713254928,-0.1652056276798248
1442,442,0.1166991591453552,-0.1318099200725555
1443,443,0.1735603064298629,-0.1560051292181015
1444,444,0.2003156691789627,-0.1425374746322631
1445,445,0.0790879279375076,-0.1750699430704116
1446,446,0.0576539747416973,-0.1762333810329437
1447,447,0.2649436593055725,-0.1975001692771911
1448,448,0.0818373784422874,-0.1642983108758926
1449,449,0.278730571269989,-0.1299345195293426
1450,450,0.1504670083522796,-0.2020667046308517
1451,451,0.1857392489910125,-0.1722545325756073
1452,452,0.1904111355543136,-0.1233367845416069
1453,453,-0.0016323757590726,-0.1559213250875473
1454,454,0.0641722530126571,-0.2079747319221496
1455,455,0.2208255678415298,-0.1549263894557953
1456,456,0.2010666280984878,-0.1586594581604004
1457,457,0.1416494399309158,-0.1513179540634155
1458,458,-0.0781909897923469,-0.2196292579174041
1459,459,0.0802492126822471,-0.1720331013202667
1460,460,0.2352821826934814,-0.1808447837829589
1461,461,0.2202093750238418,-0.1872120201587677
1462,462,0.1066776439547538,-0.2090084850788116
1463,463,0.2003263682126999,-0.1484571397304535
1464,464,0.0694099515676498,-0.1537073403596878
1465,465,0.1349341124296188,-0.1657562553882599
1466,466,0.0571516826748847,-0.1395757794380188
1467,467,0.2133434265851974,-0.1948539763689041
1468,468,0.1920892000198364,-0.2426818758249282
1469,469,0.2046883553266525,-0.2025153040885925
1470,470,0.0617621131241321,-0.1110054925084114
1471,471,0.2707432210445404,-0.226634070277214
1472,472,-0.0441222824156284,-0.2021753787994384
1473,473,0.1476868093013763,-0.203904926776886
1474,474,0.1551292538642883,-0.1360843628644943
1475,475,0.0894955843687057,-0.1964094042778015
1476,476,0.0335916392505168,-0.215756207704544
1477,477,0.0523781515657901,-0.1952844262123108
1478,478,0.096529334783554,-0.1386777609586715
1479,479,-0.0057039652019739,-0.1751496493816375
1480,480,0.0728283300995826,-0.1923685222864151
1481,481,0.138415977358818,-0.2007194906473159
1482,482,0.1991957426071167,-0.1739328801631927
1483,483,0.0072811162099242,-0.2305103838443756
1484,484,0.0931375622749328,-0.1299336105585098
1485,485,0.0382991284132003,-0.1857075840234756
1486,486,0.1200763434171676,-0.1601707339286804
1487,487,0.2165625989437103,-0.1681345254182815
1488,488,0.2243221998214721,-0.1558572649955749
1489,489,-0.0778878629207611,-0.2339482009410858
1490,490,-0.0096870809793472,-0.1706679165363311
1491,491,0.1227859780192375,-0.1779084801673889
1492,492,0.2027898728847503,-0.2101438790559768
1493,493,0.1046696975827217,-0.1666875928640365
1494,494,0.0645754188299179,-0.203487753868103
1495,495,0.1459387093782425,-0.1642514914274215
1496,496,0.0151309287175536,-0.1724724173545837
1497,497,0.2011564075946808,-0.1822607666254043
1498,498,0.1127098202705383,-0.1738419532775879
1499,499,0.2014814168214798,-0.1310811191797256
1500,0,0.1492053121328354,-0.1626935005187988
